1x1,912,524,0,0,#213140
1x1,1008,524,0,0,#213140
1x1,912,524,16,0,#ff77a8
1x1,1008,524,16,0,#fa7ab7
1x1,912,524,32,0,#fa7ab7
1x1,1008,524,32,0,#fa7ab7
1x1,912,396,32,0,#f74e9f
3x2,944,492,48,90,#fcaba9
3x2,1008,492,48,90,#fcaba9
1x1,880,396,48,0,#f74e9f
1x1,944,396,48,0,#f74e9f
2x1,976,460,64,0,#fcaba9
2x1,912,460,64,0,#fcaba9
2x1,1040,524,64,270,#fcaba9
2x1,880,524,64,270,#fcaba9
2x1,912,588,64,0,#fcaba9
2x1,976,588,64,0,#fcaba9
1x1,880,556,64,0,#fcaba9
1x1,1040,556,64,0,#fcaba9
1x1,880,396,64,0,#f74e9f
1x1,912,396,64,0,#f74e9f
2x1,912,620,80,0,#fcaba9
2x1,976,620,80,0,#fcaba9
2x1,976,428,80,0,#fcaba9
2x1,912,428,80,0,#fcaba9
1x1,880,460,80,0,#fcaba9
1x1,1040,460,80,0,#fcaba9
1x1,1040,588,80,0,#fcaba9
1x1,880,588,80,0,#fcaba9
1x1,848,556,80,0,#fcaba9
1x1,1072,556,80,0,#fcaba9
2x1,848,492,80,90,#fcaba9
2x1,1072,492,80,90,#fcaba9
1x1,880,396,80,0,#f74e9f
2x1,1008,428,96,180,#fcaba9
2x1,944,428,96,180,#fcaba9
2x1,944,620,96,180,#fcaba9
2x1,1008,620,96,180,#fcaba9
2x1,1072,524,96,270,#fcaba9
2x1,848,524,96,270,#fcaba9
1x1,848,556,96,0,#fcaba9
1x1,1040,588,96,0,#fcaba9
1x1,1072,556,96,0,#fcaba9
1x1,880,588,96,0,#fcaba9
1x1,880,460,96,0,#fcaba9
1x1,1040,460,96,0,#fcaba9
2x1,912,396,96,0,#f74e9f
2x1,1008,620,112,180,#fcaba9
2x1,944,620,112,180,#fcaba9
2x1,1008,428,112,180,#fcaba9
2x1,944,428,112,180,#fcaba9
2x1,1072,524,112,270,#fcaba9
2x1,848,524,112,270,#fcaba9
1x1,848,556,112,0,#fcaba9
1x1,1040,588,112,0,#fcaba9
1x1,1072,556,112,0,#fcaba9
1x1,880,588,112,0,#fcaba9
1x1,880,460,112,0,#fcaba9
1x1,1040,460,112,0,#fcaba9
1x1,784,524,112,0,#33393f
1x1,1136,524,112,0,#33393f
2x1,944,620,128,180,#fcaba9
2x1,1008,620,128,180,#fcaba9
2x1,944,428,128,180,#fcaba9
2x1,1008,428,128,180,#fcaba9
2x1,1072,524,128,270,#fcaba9
2x1,848,524,128,270,#fcaba9
1x1,848,556,128,0,#fcaba9
1x1,1040,588,128,0,#fcaba9
1x1,1072,556,128,0,#fcaba9
1x1,880,588,128,0,#fcaba9
1x1,880,460,128,0,#fcaba9
1x1,1040,460,128,0,#fcaba9
1x1,784,524,128,0,#fa7ab7
1x1,1136,524,128,0,#fa7ab7
2x1,1008,428,144,180,#fcaba9
2x1,944,428,144,180,#fcaba9
2x1,944,620,144,180,#fcaba9
2x1,1008,620,144,180,#fcaba9
2x1,1072,524,144,270,#fcaba9
2x1,848,524,144,270,#fcaba9
1x1,848,556,144,0,#fcaba9
1x1,1040,588,144,0,#fcaba9
1x1,1072,556,144,0,#fcaba9
1x1,880,588,144,0,#fcaba9
1x1,880,460,144,0,#fcaba9
1x1,1040,460,144,0,#fcaba9
1x1,784,524,144,0,#fa7ab7
1x1,1136,524,144,0,#fa7ab7
2x1,1008,620,160,180,#fcaba9
2x1,944,620,160,180,#fcaba9
2x1,944,428,160,180,#fcaba9
2x1,1008,428,160,180,#fcaba9
2x1,1072,524,160,270,#fcaba9
2x1,848,524,160,270,#fcaba9
1x1,848,556,160,0,#fcaba9
1x1,1040,588,160,0,#fcaba9
1x1,1072,556,160,0,#fcaba9
1x1,880,588,160,0,#fcaba9
1x1,880,460,160,0,#fcaba9
1x1,1040,460,160,0,#fcaba9
1x1,816,524,160,0,#fa7ab7
1x1,1104,524,160,0,#fa7ab7
2x1,1008,428,176,180,#fcaba9
2x1,944,428,176,180,#fcaba9
2x1,944,620,176,180,#fcaba9
2x1,1008,620,176,180,#fcaba9
2x1,1072,524,176,270,#fcaba9
2x1,848,524,176,270,#fcaba9
1x1,848,556,176,0,#fcaba9
1x1,1040,588,176,0,#fcaba9
1x1,1072,556,176,0,#fcaba9
1x1,880,588,176,0,#fcaba9
1x1,880,460,176,0,#fcaba9
1x1,1040,460,176,0,#fcaba9
1x1,816,524,176,0,#fa7ab7
1x1,1104,524,176,0,#fa7ab7
2x1,1008,428,192,180,#fcaba9
2x1,944,428,192,180,#fcaba9
2x1,944,620,192,180,#fcaba9
2x1,1008,620,192,180,#fcaba9
2x1,1072,524,192,270,#fcaba9
2x1,848,524,192,270,#fcaba9
1x1,848,556,192,0,#fcaba9
1x1,1040,588,192,0,#fcaba9
1x1,1072,556,192,0,#fcaba9
1x1,880,588,192,0,#fcaba9
1x1,880,460,192,0,#fcaba9
1x1,1040,460,192,0,#fcaba9
2x1,912,652,208,0,#f74e9f
2x1,976,652,208,0,#f74e9f
2x1,848,588,208,90,#25b4cf
2x1,1072,588,208,90,#25b4cf
2x1,816,524,208,90,#25b4cf
2x1,1104,524,208,90,#25b4cf
1x1,1104,492,208,0,#25b4cf
1x1,816,492,208,0,#25b4cf
1x1,848,460,208,0,#25b4cf
1x1,1072,460,208,0,#25b4cf
1x1,1040,428,208,0,#25b4cf
1x1,880,428,208,0,#25b4cf
2x1,912,396,208,0,#25b4cf
2x1,976,396,208,0,#25b4cf
1x1,880,620,208,0,#fa7ab7
1x1,1040,620,208,0,#fa7ab7
1x1,912,652,224,0,#843b6f
1x1,1008,652,224,0,#843b6f
2x1,944,652,224,0,#f74e9f
2x1,848,588,224,90,#25b4cf
2x1,1072,588,224,90,#25b4cf
2x1,816,524,224,90,#25b4cf
2x1,1104,524,224,90,#25b4cf
1x1,1104,492,224,0,#25b4cf
1x1,816,492,224,0,#25b4cf
1x1,848,460,224,0,#25b4cf
1x1,1072,460,224,0,#25b4cf
1x1,1040,428,224,0,#25b4cf
1x1,880,428,224,0,#25b4cf
1x1,944,396,224,0,#ddeaf8
1x1,976,396,224,0,#ddeaf8
1x1,912,396,224,0,#25b4cf
1x1,1008,396,224,0,#25b4cf
1x1,880,620,224,0,#213140
1x1,1040,620,224,0,#213140
2x1,976,652,240,0,#f74e9f
2x1,912,652,240,0,#f74e9f
1x1,1040,620,240,0,#213140
1x1,880,620,240,0,#213140
2x1,848,588,240,90,#25b4cf
2x1,1072,588,240,90,#25b4cf
2x1,816,524,240,90,#25b4cf
2x1,1104,524,240,90,#25b4cf
1x1,1104,492,240,0,#25b4cf
1x1,816,492,240,0,#25b4cf
1x1,848,460,240,0,#25b4cf
1x1,1072,460,240,0,#25b4cf
1x1,1040,428,240,0,#25b4cf
1x1,880,428,240,0,#25b4cf
1x1,944,396,240,0,#ddeaf8
1x1,976,396,240,0,#ddeaf8
1x1,912,396,240,0,#25b4cf
1x1,1008,396,240,0,#25b4cf
2x1,848,588,256,90,#25b4cf
2x1,1072,588,256,90,#25b4cf
2x1,944,620,256,180,#fcaba9
2x1,1008,620,256,180,#fcaba9
1x1,880,620,256,0,#fcaba9
1x1,1040,620,256,0,#fcaba9
2x1,816,524,256,90,#25b4cf
2x1,1104,524,256,90,#25b4cf
1x1,1104,492,256,0,#25b4cf
1x1,816,492,256,0,#25b4cf
1x1,848,460,256,0,#25b4cf
1x1,1072,460,256,0,#25b4cf
1x1,1040,428,256,0,#25b4cf
1x1,880,428,256,0,#25b4cf
1x1,944,396,256,0,#ddeaf8
1x1,976,396,256,0,#ddeaf8
1x1,912,396,256,0,#25b4cf
1x1,1008,396,256,0,#25b4cf
2x1,848,588,272,90,#25b4cf
2x1,1072,588,272,90,#25b4cf
2x1,944,620,272,180,#fcaba9
2x1,1008,620,272,180,#fcaba9
2x1,816,524,272,90,#25b4cf
2x1,1104,524,272,90,#25b4cf
1x1,1104,492,272,0,#25b4cf
1x1,816,492,272,0,#25b4cf
1x1,848,460,272,0,#25b4cf
1x1,1072,460,272,0,#25b4cf
1x1,1040,428,272,0,#25b4cf
1x1,880,428,272,0,#25b4cf
1x1,976,396,272,0,#ddeaf8
1x1,944,396,272,0,#ddeaf8
1x1,912,396,272,0,#25b4cf
1x1,1008,396,272,0,#25b4cf
1x1,1040,620,272,0,#fcaba9
1x1,880,620,272,0,#fcaba9
2x1,912,588,288,0,#fcaba9
2x1,976,588,288,0,#fcaba9
2x1,816,524,288,90,#25b4cf
2x1,1104,524,288,90,#25b4cf
1x1,1104,492,288,0,#25b4cf
1x1,816,492,288,0,#25b4cf
1x1,848,460,288,0,#25b4cf
1x1,880,428,288,0,#25b4cf
1x1,1072,460,288,0,#25b4cf
1x1,1040,428,288,0,#25b4cf
1x1,1008,396,288,0,#25b4cf
1x1,912,396,288,0,#25b4cf
2x1,976,396,288,180,#ddeaf8
1x1,1072,588,288,0,#25b4cf
2x1,1040,620,288,0,#25b4cf
1x1,848,588,288,0,#25b4cf
2x1,848,620,288,0,#25b4cf
2x1,880,620,304,0,#33393f
2x1,1008,620,304,0,#33393f
2x1,848,556,304,90,#25b4cf
2x1,848,492,304,90,#25b4cf
2x1,1072,556,304,90,#25b4cf
2x1,1072,492,304,90,#25b4cf
1x1,880,460,304,0,#25b4cf
1x1,1040,460,304,0,#25b4cf
1x1,912,428,304,0,#25b4cf
1x1,1008,428,304,0,#25b4cf
2x1,944,428,304,0,#ddeaf8
2x1,944,588,304,0,#ddeaf8
2x1,880,620,320,0,#76899c
2x1,1008,620,320,0,#76899c
2x1,944,620,320,0,#33393f
2x1,848,524,320,90,#844049
2x1,848,460,320,90,#844049
2x1,1072,524,320,90,#844049
2x1,1072,460,320,90,#844049
1x1,1040,428,320,0,#844049
1x1,880,428,320,0,#844049
2x1,944,428,320,0,#ddeaf8
2x1,912,396,320,90,#844049
2x1,1008,396,320,90,#844049
2x1,976,396,320,180,#844049
2x1,1072,588,320,90,#844049
2x1,848,588,320,90,#844049
2x1,880,620,336,0,#33393f
2x1,1008,620,336,0,#33393f
2x1,944,588,336,0,#ddeaf8
2x1,944,460,336,0,#ddeaf8
2x1,1040,556,336,90,#25b4cf
2x1,1040,492,336,90,#25b4cf
2x1,1040,460,336,180,#25b4cf
2x1,912,460,336,180,#25b4cf
2x1,880,524,336,270,#25b4cf
2x1,880,588,336,270,#25b4cf
1x1,912,588,336,0,#25b4cf
1x1,1008,588,336,0,#25b4cf
2x1,944,556,352,0,#ddeaf8
2x1,944,492,352,0,#ddeaf8
1x1,912,556,352,0,#25b4cf
1x1,912,492,352,0,#25b4cf
2x1,880,524,352,0,#25b4cf
2x1,1008,524,352,0,#25b4cf
1x1,1008,492,352,0,#25b4cf
1x1,1008,556,352,0,#25b4cf
2x1,944,524,368,0,#ddeaf8
1x1,912,524,368,0,#25b4cf
1x1,1008,524,368,0,#25b4cf